id,Incident Date,State,CityCounty,Address,Killed,Injured,Operations
1,31-Dec-17,Tennessee,Nashville,I 65 and Trinity Lane,1,1,N/A
2,31-Dec-17,Alabama,Huntsville,1409 Lancewood Dr NW,0,1,N/A
3,31-Dec-17,North Carolina,Elizabethtown,968 Jacobs Loop Rd,0,1,N/A
4,31-Dec-17,Illinois,Urbana,1365 N Lincoln Ave,0,1,N/A
5,31-Dec-17,Georgia,Atlanta,Glenwood Ave,0,1,N/A
6,31-Dec-17,Washington,Marysville,5115 84th St NE,0,0,N/A
7,31-Dec-17,Texas,Lubbock,6002 Slide Rd,0,0,N/A
8,31-Dec-17,Virginia,Chesapeake,600 block of Happy Acres,0,1,N/A
9,31-Dec-17,Arkansas,Fayetteville,3215 N Northhills Blvd,0,0,N/A
10,31-Dec-17,California,Northridge,8644 Balboa Blvd,1,0,N/A
11,31-Dec-17,Georgia,Mableton,Felton Ln,0,0,N/A
12,31-Dec-17,Minnesota,Minneapolis,3200 block of Polk St NE,0,0,N/A
13,31-Dec-17,Georgia,Augusta,1814 Fayetteville Dr,1,0,N/A
14,31-Dec-17,Minnesota,Minneapolis,2400 block of Plymouth Ave N,0,0,N/A
15,31-Dec-17,New Jersey,Annandale,31 Petticoat Ln,0,1,N/A
16,31-Dec-17,Texas,San Antonio,1227 Quintana Rd,0,0,N/A
17,31-Dec-17,North Carolina,Charlotte,500 Block of Capps Hill Mine Rd,0,1,N/A
18,31-Dec-17,North Carolina,Charlotte,6600 Block of Elgywood Ln,0,1,N/A
19,31-Dec-17,Texas,Fort Worth,5800 block of Hiett Ct,0,2,N/A
20,31-Dec-17,Illinois,Joliet,900 Rosalind St,2,0,N/A
21,31-Dec-17,California,Richmond,600 block of South 21st St,0,0,N/A
22,31-Dec-17,Illinois,Chicago,7300 S Sangamon St,0,1,N/A
23,31-Dec-17,Massachusetts,Canton,Randolph St,0,0,N/A
24,31-Dec-17,Washington,University Place,6300 block of 54th St W,0,0,N/A
25,31-Dec-17,Oregon,Eugene,W 13th Ave and Polk St,0,0,N/A
26,31-Dec-17,Florida,Hillsborough (county),N/A,0,0,N/A
27,31-Dec-17,Virginia,Hopewell,2400 block of Wakefield Street,1,0,N/A
28,31-Dec-17,Nevada,Las Vegas,4800 block of Chantilly Ave,1,0,N/A
29,31-Dec-17,California,San Diego,Teak St and S 38th Street,1,0,N/A
30,31-Dec-17,Texas,Round Rock,1100 block of Preserve Pl,1,0,N/A
31,31-Dec-17,District of Columbia,Washington,3500 block of Georgia Ave NW,0,0,N/A
32,31-Dec-17,Mississippi,Cleveland,N/A,1,0,N/A
33,31-Dec-17,Massachusetts,Boston,Blue Hill Ave and Sunderland St,0,0,N/A
34,31-Dec-17,Oklahoma,Oklahoma City,1111 S Eastern Ave,0,1,N/A
35,31-Dec-17,Florida,Orlando,I 4 and Kirkman Road,0,3,N/A
36,31-Dec-17,Texas,San Antonio,1600 block of Mardell St,1,0,N/A
37,31-Dec-17,Minnesota,Stillwater (Oak Park Heights),14800 block of 57th St N,0,0,N/A
38,31-Dec-17,North Carolina,Engelhard,N Lake Rd,0,0,N/A
39,31-Dec-17,Colorado,Denver,214 S Federal Blvd,1,0,N/A
40,31-Dec-17,Missouri,Florissant,11300 block of Bristol Rock Rd,1,0,N/A
41,31-Dec-17,New York,Brooklyn,E 15th St and Ave S,0,1,N/A
42,31-Dec-17,South Carolina,Florence,South Ballard Street,1,0,N/A
43,31-Dec-17,Missouri,Columbia,1612 N Providence Rd,0,0,N/A
44,31-Dec-17,New Jersey,Trenton,100 block of Brown St,1,1,N/A
45,31-Dec-17,California,Bakersfield,1101 E Belle Ter,0,0,N/A
46,31-Dec-17,California,Delano,2100 block of Norwalk St,1,0,N/A
47,31-Dec-17,California,Los Angeles,869 S Western Ave,0,1,N/A
48,31-Dec-17,Colorado,Littleton (Highlands Ranch),3404 E County Line Rd,2,6,N/A
49,31-Dec-17,Illinois,Chicago,N/A,0,1,N/A
50,31-Dec-17,Wisconsin,Sheboygan,1500 block of Martin Ave,0,0,N/A
51,31-Dec-17,Michigan,Ypsilanti,Cliffs Dr,1,0,N/A
52,31-Dec-17,Illinois,Rockford,Albert Ave and Blaisdell St,0,1,N/A
53,31-Dec-17,Illinois,Rockford,1100 Greenwood Ave,0,0,N/A
54,31-Dec-17,Utah,Magna,2665 S 8990 W,2,0,N/A
55,31-Dec-17,Pennsylvania,Millersville,300 block of W Juniata Parkway,0,0,N/A
56,31-Dec-17,California,Stockton,800 Block of DuPont Dr,0,0,N/A
57,31-Dec-17,Louisiana,Shreveport,Virginia Avenue,0,1,N/A
58,31-Dec-17,Louisiana,New Orleans,North Villere Street and Gordon Street,0,1,N/A
59,31-Dec-17,Ohio,Sandusky,Hancock St and Reese St,0,0,N/A
60,31-Dec-17,Illinois,Decatur,S Oakland Ave,0,1,N/A
61,31-Dec-17,Tennessee,Madison,201 E Palestine Ave,1,0,N/A
62,31-Dec-17,Illinois,Decatur,Grand Ave,0,1,N/A
63,31-Dec-17,Indiana,Indianapolis,5300 Acorn Ln,1,0,N/A
64,31-Dec-17,Mississippi,Magnolia,1016 DL Jefferson Ln,1,0,N/A
65,31-Dec-17,Ohio,Cleveland,Kenyon Ave and E 65th St,1,0,N/A
66,31-Dec-17,Texas,Highlands,Mizell St,1,0,N/A
67,31-Dec-17,Kentucky,Louisville,434 Eastern Pkwy,0,1,N/A
68,31-Dec-17,West Virginia,Morgantown,1824 Cassville-Mount Morris Rd,0,2,N/A
69,31-Dec-17,Virginia,Norfolk,3700 block of Tait Terr,1,0,N/A
70,31-Dec-17,Maryland,Salisbury,200 block of Winterborn Ln,0,0,N/A
71,31-Dec-17,Mississippi,Byram,131 Handley Boulevard,0,1,N/A
72,31-Dec-17,Illinois,East Saint Louis,2300 Ridge Ave,0,0,N/A
73,31-Dec-17,Texas,Houston,14000 block of Park Row Dr,0,1,N/A
74,31-Dec-17,Florida,Saint Petersburg,170 Beach Dr NE,0,1,N/A
75,31-Dec-17,Florida,Cape Coral,5703 Cape Harbour Dr,0,0,N/A
76,31-Dec-17,Texas,Austin,4800 block of Doss Rd,1,0,N/A
77,31-Dec-17,Louisiana,Shreveport,400 block of E 66th Street,0,0,N/A
78,31-Dec-17,Maryland,Baltimore,500 block of S Bentalou St,0,0,N/A
79,31-Dec-17,District of Columbia,Washington,600 block of Newton St NW,0,1,N/A
80,31-Dec-17,Kansas,Topeka,1000 block of SW 33rd Terrace,0,0,N/A
81,31-Dec-17,Colorado,Colorado Springs,7000 block of N Academy Blvd,0,1,N/A
82,31-Dec-17,Texas,Kilgore,1910 Meadowgreen Dr,1,0,N/A
83,31-Dec-17,Wisconsin,Milwaukee,40th and Sheridan,1,0,N/A
84,31-Dec-17,Hawaii,Mililani,N/A,0,0,N/A
85,31-Dec-17,Connecticut,Hartford,600 block of Blue Hills Ave,0,0,N/A
86,31-Dec-17,South Carolina,Greenville,115 Rasor Dr,1,0,N/A
87,31-Dec-17,Florida,Fort Pierce,300 Block of N 31st St,0,0,N/A
88,31-Dec-17,South Carolina,Columbia,Coley Rd,1,0,N/A
89,31-Dec-17,California,West Sacramento,1050 W Capitol Ave,3,0,N/A
90,31-Dec-17,Indiana,Evansville,1500 Joyce Ave,0,1,N/A
91,31-Dec-17,California,Winnetka,6900 block of Oakdale Ave,0,1,N/A
92,31-Dec-17,California,Vallejo,Tennessee St and Tuolumne St,0,0,N/A
93,31-Dec-17,Georgia,Lithia Springs,N/A,0,0,N/A
94,31-Dec-17,Illinois,Kankakee,1000 E Willow S,0,0,N/A
95,31-Dec-17,Texas,Houston,N/A,0,0,N/A
96,31-Dec-17,Ohio,Youngstown,700 block of Cassius Ave,0,0,N/A
97,31-Dec-17,Ohio,Youngstown,3600 block of Neilson Ave,0,0,N/A
98,31-Dec-17,Colorado,Fort Lupton,200 block of McKinley Ave,0,1,N/A
99,31-Dec-17,New Jersey,Camden,600 block of Woodland St,1,0,N/A
100,31-Dec-17,Washington,Renton,3200 block of SE 12th St,0,2,N/A
101,31-Dec-17,Kentucky,Robards,11000 block of US 41,0,1,N/A
102,31-Dec-17,Delaware,Wilmington,1300 block of Banning St,0,0,N/A
103,31-Dec-17,North Carolina,Sanford,590 Nicole Dr,0,1,N/A
104,31-Dec-17,Ohio,Mechanicsburg,9800 block of Loveless Rd,1,1,N/A
105,31-Dec-17,New Mexico,Mesilla Park,9000 block of Clovis Rd,0,0,N/A
106,31-Dec-17,Ohio,Groveport,4000 block of Yukon Ave,1,0,N/A
107,31-Dec-17,Ohio,Dayton (West Carrollton),300 block of Enxing Ave,2,0,N/A
108,31-Dec-17,Michigan,Detroit,Gratiot and 7 Mile,0,1,N/A
109,31-Dec-17,Michigan,Detroit,Dix and Woodmere,0,1,N/A
110,31-Dec-17,Washington,Seattle,N/A,0,0,N/A
111,31-Dec-17,Illinois,Chicago,11500 S State St,0,2,N/A
112,31-Dec-17,New York,Buffalo,100 block of Oakmont Ave,0,1,N/A
113,31-Dec-17,Florida,Fort Lauderdale (Lauderhill),5300 Block of NW 17th Ct,1,0,N/A
114,31-Dec-17,New York,Rochester,Walnut St,0,0,N/A
115,31-Dec-17,Virginia,Norfolk,300 block of Virginian Dr,1,1,N/A
116,31-Dec-17,Mississippi,Tupelo,Spring Street,0,1,N/A
117,31-Dec-17,Pennsylvania,York,100 block of W Maple St,0,1,N/A
118,31-Dec-17,Florida,Pensacola,2607 E Olive Rd,0,0,N/A
119,31-Dec-17,Indiana,Indianapolis,6700 block of W Hollow Run Dr,0,0,N/A
120,31-Dec-17,New York,Bronx,N/A,0,1,N/A
121,31-Dec-17,Illinois,Chicago,2335 Howard St,0,4,N/A
122,31-Dec-17,Alabama,Birmingham,10th Street South,0,0,N/A
123,31-Dec-17,Alabama,Opp,Mullins Street,0,1,N/A
124,31-Dec-17,Florida,Boynton Beach,200 Block of NW 3rd Ave,2,0,N/A
125,31-Dec-17,West Virginia,Flemington,45 High St,1,0,N/A
126,31-Dec-17,Florida,Fort Pierce,601 N 25th St,0,1,N/A
127,31-Dec-17,Ohio,South Webster,500 block of Jackson Fork Rd,0,1,N/A
128,31-Dec-17,Georgia,Snellville,1500 block of Scenic Hwy N,0,1,N/A
129,31-Dec-17,Illinois,Chicago,1900 S Sawyer Ave,0,1,N/A
130,31-Dec-17,Kansas,Topeka,300 block of SE 36th St,0,0,N/A
131,31-Dec-17,Georgia,Cartersville,2 Cain Dr,0,0,N/A
132,31-Dec-17,Alabama,Selma,300 block of Gaines Avenue,0,1,N/A
133,31-Dec-17,Alabama,Selma,1700 block of Water Avenue,0,2,N/A
134,31-Dec-17,Texas,Houston,1200 Louisiana St,0,0,N/A
135,31-Dec-17,South Carolina,Orangeburg,Clarendon St,0,0,N/A
136,31-Dec-17,Alaska,Anchorage,1000 block of West 26th Ave,0,0,N/A
137,31-Dec-17,Massachusetts,Marblehead,Arrowhead Rd,0,0,N/A
138,31-Dec-17,New York,Rochester,Ackerman St,0,0,N/A
139,31-Dec-17,New Jersey,Long Branch,635 Wall St,4,0,N/A
140,31-Dec-17,Texas,Dallas,3600 block of Odessa St,0,0,N/A
141,31-Dec-17,Florida,Orlando,I-4 and Conroy Rd,0,2,N/A
142,31-Dec-17,Pennsylvania,Harrisburg,1900 block of Brookwood St,1,1,N/A
143,31-Dec-17,New Jersey,Newark,2nd St and Central Ave,1,0,N/A
144,31-Dec-17,Nevada,Las Vegas,Alexander Rd and Lamb Blvd,1,0,N/A
145,31-Dec-17,South Carolina,Columbia,Bluff Rd,1,0,N/A
146,31-Dec-17,Florida,Jacksonville,34th St and Wilson St,1,0,N/A
147,31-Dec-17,Nevada,Las Vegas,1200 block of Parliament Pl,0,1,N/A
148,31-Dec-17,Oklahoma,Enid,1610 S Van Buren St,0,0,N/A
149,31-Dec-17,California,Los Angeles,5600 San Vicente Blvd,0,1,N/A
150,31-Dec-17,Massachusetts,Lawrence,170 Reservoir St,1,0,N/A
151,31-Dec-17,South Carolina,Florence,200 Block of E Liberty St,0,0,N/A
152,31-Dec-17,Alabama,Mobile,Rose Lane,0,1,N/A
153,30-Dec-17,Nevada,Las Vegas,740 S Decatur Blvd,3,0,N/A
154,30-Dec-17,Texas,Corpus Christi,802 Barry St,0,0,N/A
155,30-Dec-17,Kentucky,Lexington,500 block of Ohio St,0,0,N/A
156,30-Dec-17,Indiana,Bloomington,4300 block of E Paynetown Rd,0,1,N/A
157,30-Dec-17,Georgia,Atlanta,2841 Greenbriar Pkwy SW,0,1,N/A
158,30-Dec-17,Kentucky,Paducah,3100 block of Harrison St,0,0,N/A
159,30-Dec-17,Oregon,Klamath Falls,US 97 and Oregon Ave,0,0,N/A
160,30-Dec-17,North Carolina,Southmont,214 Fern Creek Dr,0,0,N/A
161,30-Dec-17,Oregon,Portland,13000 block of NE Prescott Dr,0,0,N/A
162,30-Dec-17,Washington,Auburn,200 block of F St SW,1,0,N/A
163,30-Dec-17,Louisiana,New Orleans,1800 block of Esplanade Ave,0,1,N/A
164,30-Dec-17,Massachusetts,Milford,Colby Dr,0,0,N/A
165,30-Dec-17,Illinois,Aurora,1000 N Highland Ave,0,0,N/A
166,30-Dec-17,Minnesota,Saint Paul,1345 Western Ave N,0,0,N/A
167,30-Dec-17,Minnesota,Burnsville,Hilltop Rd and Circle Dr,1,0,N/A
168,30-Dec-17,Indiana,Lakeville,305 S Michigan St,0,0,N/A
169,30-Dec-17,Maryland,District Heights,3300 block of Walters Ln,1,0,N/A
170,30-Dec-17,Massachusetts,Lawrence,N/A,0,0,N/A
171,30-Dec-17,Alabama,Springville,I-59,0,1,N/A
172,30-Dec-17,North Carolina,Ernul,585 Aurora Rd,1,1,N/A
173,30-Dec-17,Alabama,Selma,N/A,0,1,N/A
174,30-Dec-17,Washington,Vancouver,12500 block of NE 28th St,1,0,N/A
175,30-Dec-17,Maryland,Baltimore,N/A,0,1,N/A
176,30-Dec-17,California,Oakland,3400 block of High St,1,0,N/A
177,30-Dec-17,Kansas,Wichita,1500 block of N Gentry,0,1,N/A
178,30-Dec-17,California,Alameda,300 block of Stardust Pl,0,0,N/A
179,30-Dec-17,Pennsylvania,York,1400 W Market St,0,0,N/A
180,30-Dec-17,Florida,Tampa,1806 N Nebraska Ave,1,1,N/A
181,30-Dec-17,Pennsylvania,Pittsburgh,7000 block of Hermitage St,0,2,N/A
182,30-Dec-17,South Carolina,Charleston,1385 Ashley River Rd,0,0,N/A
183,30-Dec-17,Illinois,Mount Vernon,103 Potomac Blvd,0,0,N/A
184,30-Dec-17,Ohio,Cleveland,6700 block of Sebert Ave,1,0,N/A
185,30-Dec-17,Maryland,Baltimore,2500 block of Edmondson Ave,0,0,N/A
186,30-Dec-17,Florida,Miami,1704 NW 7th St,0,1,N/A
187,30-Dec-17,Oklahoma,Tulsa,3300 E Pine St,0,1,N/A
188,30-Dec-17,Idaho,Mullan,500 block of Pine St,0,0,N/A
189,30-Dec-17,California,Redwood City,1900 Broadway,1,0,N/A
190,30-Dec-17,Maryland,Baltimore,1500 block of Shields Pl,0,0,N/A
191,30-Dec-17,Indiana,Evansville,5000 Monroe Ave,1,0,N/A
192,30-Dec-17,Massachusetts,Boston,22 Edge Hill St,0,0,N/A
193,30-Dec-17,Nebraska,Omaha,6015 Binney St,0,0,N/A
194,30-Dec-17,Connecticut,Manchester,1540 Pleasant Valley Rd,1,0,N/A
195,30-Dec-17,Maryland,Baltimore,600 block of N Glover St,0,1,N/A
196,30-Dec-17,Iowa,Muscatine,Hershey Ave and Clinton St,0,0,N/A
197,30-Dec-17,California,San Pablo,2800 block of Valencia Way,1,1,N/A
198,30-Dec-17,Maryland,Baltimore,4200 block of Wabash Ave,0,1,N/A
199,30-Dec-17,Missouri,Saint Louis,800 block of Riverview Blvd,0,1,N/A
200,30-Dec-17,California,Modesto,601 N Franklin St,1,0,N/A
201,30-Dec-17,New York,Brooklyn,214 Bristol St,0,1,N/A
202,30-Dec-17,California,Compton,8000 block of Compton Ave,0,0,N/A
203,30-Dec-17,District of Columbia,Washington,800 block of 8th St NE,0,1,N/A
204,30-Dec-17,Ohio,Donnelsville,E Main St,0,0,N/A
205,30-Dec-17,California,Stockton,500 Block of Marengo Ave,0,0,N/A
206,30-Dec-17,Illinois,Peoria,1100 S Matthew St,0,0,N/A
207,30-Dec-17,California,Stockton,2200 Block of Manthey Rd,0,0,N/A
208,30-Dec-17,California,Stockton,Access St and Tam O Shanter Dr,1,0,N/A
209,30-Dec-17,Virginia,Hopewell,4100 block of Robert E Lee Dr,0,1,N/A
210,30-Dec-17,Wisconsin,Milwaukee,Ogden Ave,0,0,N/A
211,30-Dec-17,Florida,Anna Maria,Pine Ave and Gulf Dr,0,1,N/A
212,30-Dec-17,Florida,Palm Beach Gardens (Riviera Beach),Ave T,0,0,N/A
213,30-Dec-17,Illinois,Rockford,1400 S Main St,0,1,N/A
214,30-Dec-17,California,Los Angeles,15228 S Avalon Blvd,0,2,N/A
215,30-Dec-17,Tennessee,Nashville,707 19th Ave N,0,1,N/A
216,30-Dec-17,Illinois,Aurora,W Galena Blvd and S Stolp Ave,0,0,N/A
217,30-Dec-17,Tennessee,Nashville,3928 Patton Hill Rd,0,1,N/A
218,30-Dec-17,Texas,Dallas,11111 Walnut Hill Ln,0,1,N/A
219,30-Dec-17,Kentucky,Lexington,2300 block of Versailles Road,0,1,N/A
220,30-Dec-17,Louisiana,Scott,1100 block of Roper Drive,0,1,N/A
221,30-Dec-17,New York,Attica,Tooley Rd Exd,0,1,N/A
222,30-Dec-17,Tennessee,Harriman,200 block of Harding Road,1,0,N/A
223,30-Dec-17,California,Trinidad,200 Big Lagoon Park Rd,0,0,N/A
224,30-Dec-17,Arkansas,Helena,100 block of Oakland Street,1,1,N/A
225,30-Dec-17,Texas,Houston,W Orem and Townwood,1,0,N/A
226,30-Dec-17,North Carolina,High Point,523 Amos St,1,0,N/A
227,30-Dec-17,Florida,Bradenton,600 Block of 22nd Ln E,0,0,N/A
228,30-Dec-17,South Carolina,Columbia,300 block of Mapleview Drive,0,0,N/A
229,30-Dec-17,Arkansas,Little Rock,4109 E 35th St,0,0,N/A
230,30-Dec-17,Arizona,Goodyear,Pebble Creek Pkwy and Indian School Rd,0,0,N/A
231,30-Dec-17,Texas,Crowell,N/A,1,0,N/A
232,30-Dec-17,Alaska,Anchorage,100 block of Oklahoma St,1,0,N/A
233,30-Dec-17,Arkansas,Little Rock,1500 block of Peyton St,0,1,N/A
234,30-Dec-17,Utah,Salt Lake City,2694 State St,0,1,N/A
235,30-Dec-17,Missouri,Saint Louis,6412 Michigan Ave,0,3,N/A
236,30-Dec-17,Louisiana,New Orleans,8700 block of Dinkins St,0,1,N/A
237,30-Dec-17,Kansas,Kansas City,700 block of N 9th St,1,0,N/A
238,30-Dec-17,New Jersey,Paterson,Peach St and Plum St,0,1,N/A
239,30-Dec-17,Maryland,Salisbury,E Church St,0,1,N/A
240,30-Dec-17,Louisiana,Shreveport,900 block of Beauregard Drive,0,1,N/A
241,30-Dec-17,Arkansas,Little Rock,2800 block of East Roosevelt Road,0,1,N/A
242,30-Dec-17,Arkansas,Little Rock,2600 block of Booker Street,0,1,N/A
243,30-Dec-17,Illinois,Chicago,1400 N Lotus Ave,0,1,N/A
244,30-Dec-17,West Virginia,Charleston,1300 block of Renaissance Cir,0,1,N/A
245,30-Dec-17,Texas,Hillsboro,1000 block of E Walnut St,1,0,N/A
246,30-Dec-17,Illinois,Chicago,5300 W Ohio St,0,1,N/A
247,30-Dec-17,Missouri,Fulton,500 block of Grand Ave,0,0,N/A
248,30-Dec-17,Illinois,Kankakee,600 N Harrison Ave,0,0,N/A
249,30-Dec-17,New Hampshire,Portsmouth,Melcher St,0,0,N/A
250,30-Dec-17,Illinois,Chicago,300 S Kilbourn Ave,0,1,N/A
251,30-Dec-17,Florida,Fort Pierce,N 33rd St and Angle Rd,0,0,N/A
252,30-Dec-17,California,San Bernardino,Genevieve St and 34th St,0,0,N/A
253,30-Dec-17,Alabama,Athens,Henry Drive,0,1,N/A
254,30-Dec-17,Kansas,Topeka,3rd St and Lawrence St,0,0,N/A
255,30-Dec-17,Missouri,Independence,14609 E Truman Rd,1,0,N/A
256,30-Dec-17,Georgia,Jackson (county),N/A,0,0,N/A
257,30-Dec-17,Massachusetts,Cambridge,Massachusetts Ave,0,0,N/A
258,30-Dec-17,Illinois,Chicago,3000 W Jackson Blvd,0,1,N/A
259,30-Dec-17,Illinois,Chicago,5700 W Washington Blvd,0,1,N/A
260,30-Dec-17,Iowa,Council Bluffs,2701 23rd Ave,0,1,N/A
261,30-Dec-17,Wisconsin,Brookfield,20150 W. Blue Mound Road,1,0,N/A
262,30-Dec-17,Oklahoma,Tishomingo,Slippery Falls Rd and 3rd St,0,0,N/A
263,30-Dec-17,Hawaii,Pahoa,Hee St,0,0,N/A
264,30-Dec-17,South Carolina,Florence,155 W Lucas St,0,1,N/A
265,30-Dec-17,New Jersey,Eatontown,Richardson Ave,0,0,N/A
266,30-Dec-17,Ohio,Cleveland,Euclid Ave and E 79th St,1,0,N/A
267,30-Dec-17,Florida,Polk City,9511 Evans Road,2,1,N/A
268,30-Dec-17,Minnesota,Minneapolis (Robbinsdale),3300 Oakdale Ave N,0,1,N/A
269,30-Dec-17,Oklahoma,Tulsa,N/A,0,1,N/A
270,30-Dec-17,Alabama,Gadsden,1001 Rainbow Dr,0,0,N/A
271,30-Dec-17,Tennessee,Chattanooga,N/A,0,1,N/A
272,30-Dec-17,Iowa,Cedar Rapids,1631 Bever Ave SE,0,1,N/A
273,30-Dec-17,Oklahoma,Tulsa,10021 E 71st St.,0,0,N/A
274,30-Dec-17,Ohio,Columbus,847 E 11th Ave,1,0,N/A
275,30-Dec-17,Alabama,Greensboro,County Rd 16,1,0,N/A
276,30-Dec-17,Connecticut,Bridgeport,Astoria Ave and Laurel Ave,0,0,N/A
277,30-Dec-17,Massachusetts,Boston,Elder St,0,1,N/A
278,30-Dec-17,Louisiana,Baton Rouge,6224 Plank Rd.,2,0,N/A
279,30-Dec-17,Louisiana,Baton Rouge,1400 block of Lake Callais Ct,0,1,N/A
280,30-Dec-17,Maine,Waterville,Yeaton St,0,0,N/A
281,30-Dec-17,South Carolina,Florence,900 Block of W Marion St,0,1,N/A
282,30-Dec-17,Colorado,Colorado Springs,1300 block of Marsh Hawk Dr,0,1,N/A
283,30-Dec-17,South Carolina,Greenwood,Sylvan Rd,0,0,N/A
284,30-Dec-17,Tennessee,Antioch,2900 block of Brantley Drive,0,1,N/A
285,30-Dec-17,Mississippi,Jackson,400 block of Bonita Street,1,0,N/A
286,30-Dec-17,Mississippi,Jackson,212 Lindsey Drive,1,0,N/A
287,30-Dec-17,Alaska,Wasilla,Pittman Road,0,0,N/A
288,30-Dec-17,Washington,Lynnwood,16100 Ash Way,1,0,N/A
289,30-Dec-17,Virginia,Fredericksburg,10950 Pierson Dr,0,0,N/A
290,30-Dec-17,Kansas,Kansas City,1200 block of Kansas Ave,0,1,N/A
291,30-Dec-17,Massachusetts,Deerfield,Greenfield Rd,0,0,N/A
292,30-Dec-17,Florida,Sarasota,2300 Block of University Pkwy,0,3,N/A
293,30-Dec-17,Michigan,Detroit,Evergreen Ave and Lyndon Ave,0,1,N/A
294,30-Dec-17,Florida,Belle Glade,400 block of W Ave A,0,1,N/A
295,30-Dec-17,Arizona,Phoenix,1503 W Missouri Ave,0,1,N/A
296,30-Dec-17,Virginia,Martinsville,1105 Brookdale Rd,1,0,N/A
297,30-Dec-17,Georgia,Savannah,Montgomery St and W Park Ave,1,0,N/A
298,29-Dec-17,Oklahoma,Hartshorne,1200 block of Lehigh Ave,1,1,N/A
299,29-Dec-17,Georgia,Riverdale,Lake Ridge Pkwy,1,0,N/A
300,29-Dec-17,Massachusetts,Taunton,152 Dunbar St,0,0,N/A
301,29-Dec-17,Massachusetts,Boston,4 Hecla St,0,0,N/A
302,29-Dec-17,Massachusetts,Boston,920 Adams St,0,0,N/A
303,29-Dec-17,Kentucky,Leitchfield,4334 Grayson Springs Rd,1,0,N/A
304,29-Dec-17,Texas,Houston,14300 S Post Oak Rd,3,0,N/A
305,29-Dec-17,Texas,Houston,5404 Nordling,1,0,N/A
306,29-Dec-17,New York,Niagara Falls,1000 block of 20th St,0,0,N/A
307,29-Dec-17,Georgia,Atlanta,1700 Block of Friar Tuck Rd,0,0,N/A
308,29-Dec-17,New York,Monticello,Pleasant St,0,0,N/A
309,29-Dec-17,North Carolina,Wilmington,600 block of Campbell St,0,0,N/A
310,29-Dec-17,New Mexico,Albuquerque,Central Ave and 14th St,0,0,N/A
311,29-Dec-17,Virginia,Richmond,1030 German School Rd,0,0,N/A
312,29-Dec-17,Virginia,Richmond,3000 block of Meadowbridge Rd,0,1,N/A
313,29-Dec-17,North Carolina,Fayetteville,3060 block of Cumberland Rd,0,2,N/A
314,29-Dec-17,Maryland,Baltimore,400 block of N East Ave,0,1,N/A
315,29-Dec-17,Indiana,Indianapolis,W 25th St and Doctor MLK Jr St,0,1,N/A
316,29-Dec-17,Florida,Melbourne (West Melbourne),Palm Bay Rd and Norfolk Pkwy,0,1,N/A
317,29-Dec-17,Maryland,Salisbury,800 block of Seminole Blvd,0,0,N/A
318,29-Dec-17,Tennessee,Chattanooga,1800 block of E 4th St,0,1,N/A
319,29-Dec-17,Florida,Hollywood (Cooper City),N/A,0,0,N/A
320,29-Dec-17,Mississippi,Wayne (county),N/A,0,1,N/A
321,29-Dec-17,Kentucky,Paducah,2400 Irvin Cobb Dr,0,0,N/A
322,29-Dec-17,Tennessee,Springfield,20th Ave W,0,1,N/A
323,29-Dec-17,North Carolina,Rocky Mount,2740 Stewart Ln,1,0,N/A
324,29-Dec-17,Texas,San Antonio,4700 block of Belinda Lee St,1,0,N/A
325,29-Dec-17,Tennessee,Springfield,15th Ave W,0,1,N/A
326,29-Dec-17,Florida,Miami,NW 133rd St and NW 13th St,0,1,N/A
327,29-Dec-17,Florida,Hialeah,7194 W 12th Ave,0,1,N/A
328,29-Dec-17,Idaho,Mullan,500 block of Pine St,0,0,N/A
329,29-Dec-17,Mississippi,Wiggins,Stennis Dr,0,0,N/A
330,29-Dec-17,Maryland,Baltimore,3200 block of Powhatan Ave,0,0,N/A
331,29-Dec-17,Arkansas,Lonsdale,2700 block of Highway 128,0,1,N/A
332,29-Dec-17,Mississippi,Booneville,N/A,0,0,N/A
333,29-Dec-17,Maryland,Frederick,600 block of Heather Ridge Dr,0,1,N/A
334,29-Dec-17,Washington,Vancouver,5113 NE 31st Ct,0,0,N/A
335,29-Dec-17,Maryland,Frederick,500 block of Wellington Ct,0,0,N/A
336,29-Dec-17,Georgia,Columbus,1400 block of 24th St,0,3,N/A
337,29-Dec-17,Minnesota,Morrison (county),N/A,0,0,N/A
338,29-Dec-17,Georgia,Columbus,Lumpkin Ct,1,0,N/A
339,29-Dec-17,Delaware,Dover,820 Carvel Dr,0,0,N/A
340,29-Dec-17,Nebraska,Lincoln,N 68th St and Aylesworth Ave,0,0,N/A
341,29-Dec-17,South Dakota,Brandon,1400 block of S Lakota Ave,0,0,N/A
342,29-Dec-17,Missouri,Saint Louis,2200 block of Keokuk St,0,2,N/A
343,29-Dec-17,California,Long Beach,300 E San Antonio Dr,2,1,N/A
344,29-Dec-17,California,Apple Valley,14000 block of Navajo Rd,0,0,N/A
345,29-Dec-17,Ohio,Lorain,1900 block of Madison Ave,1,0,N/A
346,29-Dec-17,California,Los Angeles,Hartford Ave,0,1,N/A
347,29-Dec-17,Illinois,Mattoon,Health Center Dr,0,0,N/A
348,29-Dec-17,Georgia,Athens,135 Hoyt St,0,0,N/A
349,29-Dec-17,California,Santa Rosa,1250 Hahman Dr,0,0,N/A
350,29-Dec-17,Illinois,Champaign,County Rd 1800 N and N Rising Rd,0,0,N/A
351,29-Dec-17,Louisiana,New Orleans,Desire Street and North Derbigny Street,0,1,N/A
352,29-Dec-17,North Carolina,Chapel Hill,400 Block of W Rosemary St,0,0,N/A
353,29-Dec-17,Colorado,Adams (county),11600 block of Riverdale Rd,1,0,N/A
354,29-Dec-17,District of Columbia,Washington,3900 block of 1st St SE,1,0,N/A
355,29-Dec-17,District of Columbia,Washington,700 block of Fairmont St NW,0,2,N/A
356,29-Dec-17,Florida,Avon Park,220 Garrett Rd,1,0,N/A
357,29-Dec-17,Delaware,Wilmington,2800 block of Washington St,0,0,N/A
358,29-Dec-17,South Carolina,Rock Hill,Saluda Road,0,0,N/A
359,29-Dec-17,New York,Commack,6136 Jericho Turnpike,0,0,N/A
360,29-Dec-17,South Carolina,Bluffton,N/A,0,1,N/A
361,29-Dec-17,Missouri,Springfield,2655 N Glenstone Ave,1,0,N/A
362,29-Dec-17,North Carolina,Durham,1100 block of Gurley St.,0,1,N/A
363,29-Dec-17,Wisconsin,Raymond,Waukesha Rd,0,0,N/A
364,29-Dec-17,Alabama,Montgomery,3400 block of Norman Bridge Road,0,1,N/A
365,29-Dec-17,Mississippi,Jackson,5400 block of Brookhollow Dr,1,0,N/A
366,29-Dec-17,North Carolina,Albemarle,US 52 N,0,1,N/A
367,29-Dec-17,Arkansas,Monticello,100 block of Cook Lane,0,1,N/A
368,29-Dec-17,Florida,Fort Walton Beach,Holmes Blvd and Martisa Rd,0,0,N/A
369,29-Dec-17,New Jersey,Absecon,200 block of E White Horse Pike,0,0,N/A
370,29-Dec-17,Illinois,Chicago,12500 S Emerald Ave,1,1,N/A
371,29-Dec-17,Illinois,Alton,1200 Central Ave,0,0,N/A
372,29-Dec-17,Ohio,Akron,786 West Market St,0,1,N/A
373,29-Dec-17,Pennsylvania,Altoona,58th St and 6th Ave,0,0,N/A
374,29-Dec-17,California,South Gate,9800 block of Bowman Ave,1,0,N/A
375,29-Dec-17,Missouri,Saint Louis,5300 block of Lucas-Hunt Rd,0,0,N/A
376,29-Dec-17,Illinois,Chicago,1000 N Campbell Ave,0,1,N/A
377,29-Dec-17,Mississippi,Silver Creek,US 84,0,1,N/A
378,29-Dec-17,Florida,Panama City,Tower Rd,0,0,N/A
379,29-Dec-17,Illinois,Chicago,2300 W Grand Ave,0,1,N/A
380,29-Dec-17,Virginia,Fieldale,N/A,0,0,N/A
381,29-Dec-17,Illinois,Chicago,7600 S Rhodes Ave,0,1,N/A
382,29-Dec-17,North Carolina,Reidsville,101 Peony Ln,0,0,N/A
383,29-Dec-17,South Carolina,York,Cripple Creek Dr,0,0,N/A
384,29-Dec-17,South Carolina,Columbia,900 block of Walnut Street,0,1,N/A
385,29-Dec-17,Missouri,Saint Louis,4900 block of Rosalie St,0,1,N/A
386,29-Dec-17,Iowa,Forest City,N/A,0,0,N/A
387,29-Dec-17,Indiana,South Bend,N/A,0,1,N/A
388,29-Dec-17,Oklahoma,Sallisaw,N/A,0,0,N/A
389,29-Dec-17,Georgia,Atlanta,2727 Godby Rd,0,1,N/A
390,29-Dec-17,Oklahoma,Oklahoma City,3900 block of SE 48th St,1,0,N/A
391,29-Dec-17,Oregon,Eugene,446 Clark St,0,0,N/A
392,29-Dec-17,South Carolina,Columbia,1727 Percival Rd,0,0,N/A
393,29-Dec-17,New York,Rochester,Dewey Ave and Magee Ave,0,1,N/A
394,29-Dec-17,Florida,Miami,NW 10th Ave and NW 36th St,0,1,N/A
395,29-Dec-17,California,Bakersfield,Spectrum Park Way,1,0,N/A
396,29-Dec-17,Louisiana,Baton Rouge,3800 Plank Road,0,1,N/A
397,29-Dec-17,Louisiana,Baton Rouge,2400 block of Georgia Street,1,0,N/A
398,29-Dec-17,Louisiana,Baton Rouge,3200 Plank Rd,1,0,N/A
399,29-Dec-17,Maine,Pittsfield,858 Main St,0,0,N/A
400,29-Dec-17,North Carolina,Kinston,E Washington Ave and Liberty Hill Rd,0,0,N/A
401,29-Dec-17,Louisiana,Marrero,2800 block of Doreen Lane,0,1,N/A
402,29-Dec-17,Texas,San Antonio,7300 Block of Marble Creek Dr,1,0,N/A
403,29-Dec-17,Arkansas,Little Rock,Jennings Rd,0,0,N/A
404,29-Dec-17,South Carolina,Hartsville,Primus Park Rd,0,0,N/A
405,29-Dec-17,California,Caruthers,2388 W Tahoe Ave,0,2,N/A
406,29-Dec-17,California,Oakland,5800 block of Bancroft Avenue,0,1,N/A
407,29-Dec-17,New Mexico,Albuquerque,Central Ave SW and 14th St SW,0,0,N/A
408,29-Dec-17,Texas,Terrell,301 Tanger Dr,0,1,N/A
409,29-Dec-17,Wisconsin,Milwaukee,3300 block of W Vliet St,0,1,N/A
410,29-Dec-17,New Jersey,Trenton,N/A,0,0,N/A
411,29-Dec-17,Michigan,Detroit,8600 block of Stahelin Ave,0,1,N/A
412,29-Dec-17,California,Banning,700 block of Hoffer St,1,1,N/A
413,29-Dec-17,Virginia,Smithfield,1205 S Church St,1,1,N/A
414,29-Dec-17,Connecticut,Bridgeport,Trumbull Ave,0,0,N/A
415,29-Dec-17,Connecticut,Bridgeport,4402 Main St,0,1,N/A
416,29-Dec-17,Colorado,Colorado Springs,2000 block of Carmel Dr,0,1,N/A
417,29-Dec-17,California,Fontana,11200 block of Poplar Ave,2,0,N/A
418,28-Dec-17,Texas,Houston,5901 Selinsky Rd,1,2,N/A
419,28-Dec-17,North Carolina,Durham,1200 Block of Wabash St,1,0,N/A
420,28-Dec-17,California,South Gate,9800 block of Bowman Ave,1,0,N/A
421,28-Dec-17,Missouri,Saint Louis,1700 block of Dick Gregory Pl,1,0,N/A
422,28-Dec-17,Texas,Houston,3010 Gears Rd,0,0,N/A
423,28-Dec-17,Pennsylvania,Brownsville,253 3rd Ave,0,0,N/A
424,28-Dec-17,West Virginia,Beckley,Hoist Rd,0,2,N/A
425,28-Dec-17,Connecticut,New Haven,300 block of Poplar St,0,1,N/A
426,28-Dec-17,Connecticut,Westport,Merritt Pkwy,0,0,N/A
427,28-Dec-17,California,Stockton,1100 Block of E Hazelton Ave,0,0,N/A
428,28-Dec-17,Massachusetts,Boston,3091 Washington St,0,0,N/A
429,28-Dec-17,Oregon,Brookings,15441 Oceanview Dr,0,1,N/A
430,28-Dec-17,South Carolina,Columbia,100 block of Silo Ct,0,1,N/A
431,28-Dec-17,California,Bakersfield,E 11th St and S King St,0,1,N/A
432,28-Dec-17,Alabama,Birmingham,400 block of Princeton Avenue,0,1,N/A
433,28-Dec-17,Washington,College Place,700 block of S College Ave,0,0,N/A
434,28-Dec-17,Massachusetts,Boston,32 Florian St,0,3,N/A
435,28-Dec-17,Massachusetts,Brockton,16-18 Bunker Ave,0,0,N/A
436,28-Dec-17,Oregon,Brookings,19100 Barnacle Rock Rd,0,0,N/A
437,28-Dec-17,Oregon,Veneta,Erdman Way,0,0,N/A
438,28-Dec-17,Louisiana,New Orleans,2900 block of St Anthony St,0,2,N/A
439,28-Dec-17,Alabama,Birmingham,Highway 280,1,0,N/A
440,28-Dec-17,Montana,Kalispell,Lower Valley Rd,0,1,N/A
441,28-Dec-17,Louisiana,New Orleans,2400 block of Farragut St,0,0,N/A
442,28-Dec-17,Florida,Panama City,Cherry St and S Hwy 22 A,0,1,N/A
443,28-Dec-17,Florida,Orlando,Kirkland Blvd,0,1,N/A
444,28-Dec-17,California,Stockton,1600 Block of 6th St,0,0,N/A
445,28-Dec-17,California,Stockton,Arcade St and El Dorado St,0,0,N/A
446,28-Dec-17,North Carolina,High Point,Garrison St,1,1,N/A
447,28-Dec-17,Virginia,Fredericksburg,18 Newcastle Pl,2,0,N/A
448,28-Dec-17,Tennessee,Memphis,Walden Glen Cove,1,1,N/A
449,28-Dec-17,Louisiana,Shreveport,Portland Avenue and Attaway Avenue,0,1,N/A
450,28-Dec-17,Louisiana,Natchitoches,1500 block of Stella Street,0,0,N/A
451,28-Dec-17,South Carolina,Greenville,700 Haywood Rd,0,0,N/A
452,28-Dec-17,Alabama,Dothan,N/A,0,1,N/A
453,28-Dec-17,Texas,Fort Worth,2300 block of New York Ave,1,0,N/A
454,28-Dec-17,California,Arvin,200 Campus Dr,0,0,N/A
455,28-Dec-17,Florida,Gainesville,1200 block of SW 61 Terrace,0,0,N/A
456,28-Dec-17,Georgia,Atlanta,Linkwood Rd,1,0,N/A
457,28-Dec-17,Tennessee,Murfreesboro,1000 block of Gunnerson Ave,0,0,N/A
458,28-Dec-17,Kansas,Wichita,1000 block of McCormick,1,0,N/A
459,28-Dec-17,Idaho,Rathdrum,1300 block of W Laramie Ave,0,0,N/A
460,28-Dec-17,Kentucky,Mayfield,Sherwood Forrest,0,1,N/A
461,28-Dec-17,Texas,Taylor,100 block of Carlos Parker Blvd,0,1,N/A
462,28-Dec-17,California,Bakersfield,E 3rd St and Tyree Toliver St,0,0,N/A
463,28-Dec-17,Tennessee,Chattanooga,7600 block of N Bishop Dr,1,0,N/A
464,28-Dec-17,Florida,Fort Lauderdale,3670 N State Route 7,0,1,N/A
465,28-Dec-17,Tennessee,Jackson,Briarcliff Dr,0,1,N/A
466,28-Dec-17,Oklahoma,Chickasha,N/A,0,1,N/A
467,28-Dec-17,California,Compton,100 block of E Caldwell St,2,0,N/A
468,28-Dec-17,Indiana,Elkhart,2020 E Bristol St,1,0,N/A
469,28-Dec-17,Texas,Beaumont,3025 Washington Blvd,1,0,N/A
470,28-Dec-17,Mississippi,Biloxi (Saint Martin),Tucker Road,0,1,N/A
471,28-Dec-17,District of Columbia,Washington,1300 block of Congress St SE,0,0,N/A
472,28-Dec-17,South Carolina,Longs,N SC 905,0,0,N/A
473,28-Dec-17,Delaware,New Castle,113 Parma Ave,1,0,N/A
474,28-Dec-17,Virginia,Fredericksburg,Heron Drive,1,1,N/A
475,28-Dec-17,Alabama,Alexander City,Hillabee St,0,0,N/A
476,28-Dec-17,Ohio,Dayton,3500 block of Stanford Pl,0,0,N/A
477,28-Dec-17,Illinois,Dolton,733 E 142nd St,1,1,N/A
478,28-Dec-17,Missouri,Saint Robert,Tampa Rd,0,0,N/A
479,28-Dec-17,Florida,Green Cove Springs,Haven Ave,0,0,N/A
480,28-Dec-17,Mississippi,Moorhead,1008 Olive St,0,1,N/A
481,28-Dec-17,District of Columbia,Washington,800 block of Adrian Pl SE,1,0,N/A
482,28-Dec-17,Texas,Dallas,14900 block of Lasater Rd,0,1,N/A
483,28-Dec-17,Kentucky,Versailles,1580 Pisgah Pike,0,1,N/A
484,28-Dec-17,North Carolina,Salisbury,115 E 11th St,0,1,N/A
485,28-Dec-17,Maryland,Baltimore,400 block of N East Ave,0,1,N/A
486,28-Dec-17,Delaware,Wilmington,201 S Heald St,0,1,N/A
487,28-Dec-17,Pennsylvania,Johnstown,Congress Ave,0,0,N/A
488,28-Dec-17,District of Columbia,Washington,950 Eastern Ave NE,1,0,N/A
489,28-Dec-17,California,Selma,Country Rose Ln,1,0,N/A
490,28-Dec-17,Alabama,Demopolis,1500 block of Queensbury Ln,1,0,N/A
491,28-Dec-17,South Carolina,Winnsboro,SC 200,2,0,N/A
492,28-Dec-17,Ohio,Columbus,4790 Hilton Corporate Dr,1,1,N/A
493,28-Dec-17,New Jersey,Franklin,Rutherford Ave,0,0,N/A
494,28-Dec-17,Illinois,Kankakee,400  N Schuyler Ave,0,0,N/A
495,28-Dec-17,New York,Buffalo,100 block of E Amherst St,1,1,N/A
496,28-Dec-17,Maryland,Capitol Heights,Kenilworth Ave and Eastern Ave NE,1,0,N/A
497,28-Dec-17,Oregon,Fairview,6th St and Lincoln St,0,1,N/A
498,28-Dec-17,Pennsylvania,Altoona,922 7th Ave,0,0,N/A
499,28-Dec-17,Pennsylvania,Philadelphia,1200 block of Brandywine St,1,0,N/A
500,28-Dec-17,New York,Bronx,Truxton St and Worthen St,1,0,N/A
